<?xml version="1.0" encoding="UTF-8"?>
<presets xmlns="http://josm.openstreetmap.de/tagging-preset-1.0">

  <!-- Gruppo principale PEBA -->
  <group name="PEBA" icon="icons/peba.png">

    <!-- Sottogruppo Percorsi -->
    <group name="Percorsi/marciapiedi" icon="icons/dedicated_footway.svg">
      <item name="Marciapiede solo pedonale" type="way" icon="icons/dedicated_footway.svg"> 
        <label text="Marciapiede solo pedonale" />
        <key key="highway" value="footway" />
		<key key="footway" value="sidewalk" />
        <combo key="smoothness" text="Smoothness" values="excellent,good,intermediate,bad,very_bad,horrible,impassable" />
        <text key="width" text="Larghezza(in metri)" />
        <text key="incline" text="Pendenza(in percentuale)" />
        <text key="incline:across" text="Pendenza trasversale(in percentuale)" />
        <text key="height" text="Altezza (in metri)" />
        <combo key="lit" text="Illuminazione" values="yes,no" />
      </item>
	  <item name="Percorso ciclopedonale promiscuo" type="way" icon="icons/combined_foot_cycleway.svg">
        <label text="Percorso ciclopedonale promiscuo" />
        <key key="highway" value="path" />
		<key key="bicycle" value="designated" />
        <key key="foot" value="designated" />
		<key key="segregated" value="no" />
        <combo key="smoothness" text="Smoothness" values="excellent,good,intermediate,bad,very_bad,horrible,impassable" />
        <text key="width" text="Larghezza(in metri)" />
        <text key="incline" text="Pendenza(in percentuale)" />
        <text key="incline:across" text="Pendenza trasversale(in percentuale)" />
        <text key="height" text="Altezza (in metri)" />
        <combo key="lit" text="Illuminazione" values="yes,no" />
      </item>
	  <item name="Percorso ciclopedonale sede dedicata" type="way" icon="icons/segregated_foot_cycleway.svg">
        <label text="Percorso ciclopedonale sede dedicata" />
	    <key key="highway" value="path" />
		<key key="bicycle" value="designated" />
        <key key="foot" value="designated" />
		<key key="segregated" value="yes" />
        <combo key="smoothness" text="Smoothness" values="excellent,good,intermediate,bad,very_bad,horrible,impassable" />
        <text key="width" text="Larghezza(in metri)" />
        <text key="incline" text="Pendenza(in percentuale)" />
        <text key="incline:across" text="Pendenza trasversale(in percentuale)" />
        <text key="height" text="Altezza (in metri)" />
        <combo key="lit" text="Illuminazione" values="yes,no" />
      </item>
    </group>

    <!-- Sottogruppo Intersezioni -->
    <group name="Intersezioni" icon="icons/kerb_flush.svg">
      <item name="Scivolo senza scalino" type="node" icon="icons/kerb_flush.svg">
        <label text="Scivolo senza scalino" />
		<key key="kerb" value="flush" />
		<text key="incline" text="Pendenza(in percentuale)" />
        <combo key="tactile_paving" text="Pavimentazione tattile" values="yes,no" />
        <combo key="lit" text="Illuminazione" values="yes,no" />
      </item>
	  <item name="Scivolo con scalino minore di 2.5 cm" type="node" icon="icons/kerb_lowered.svg">
        <label text="Scivolo con scalino minore di 2.5 cm" />
		<key key="kerb" value="lowered" />
		<text key="kerb:height" text="Altezza (in metri)" />
		<text key="incline" text="Pendenza(in percentuale)" />
        <combo key="tactile_paving" text="Pavimentazione tattile" values="yes,no" />
        <combo key="lit" text="Illuminazione" values="yes,no" />
      </item>
	  <item name="Scivolo con scalino maggiore di 2.5 cm" type="node" icon="icons/kerb_raised.svg">
        <label text="Scivolo con scalino maggiore di 2.5 cm" />
		<key key="kerb" value="raised" />
		<text key="kerb:height" text="Altezza (in metri)" />
		<text key="incline" text="Pendenza(in percentuale)" />
        <combo key="tactile_paving" text="Pavimentazione tattile" values="yes,no" />
        <combo key="lit" text="Illuminazione" values="yes,no" />
      </item>
    </group>
	
	<!-- Sottogruppo Attraversamenti - percorsi-->
    <group name="Attraversamenti - percorsi" icon="icons/crossing_ref_zebra.svg">
      <item name="Attraversamento pedonale" type="way" icon="icons/crossing_ref_zebra.svg">
        <label text="Attraversamento pedonale" />
        <key key="highway" value="footway" />
		<key key="footway" value="crossing" />
        <combo key="smoothness" text="Smoothness" values="excellent,good,intermediate,bad,very_bad,horrible,impassable" />
        <text key="incline" text="Pendenza(in percentuale)" />
        <text key="incline:across" text="Pendenza trasversale(in percentuale)" />
        <text key="height" text="Altezza (in metri)" />
        <combo key="lit" text="Illuminazione" values="yes,no" />
      </item>
	  <item name="Attraversamento ciclopedonale" type="way" icon="icons/crossing_zebrabicyle.svg">
        <label text="Attraversamento ciclopedonale" />
        <key key="highway" value="path" />
		<key key="path" value="crossing" />
		<key key="bicycle" value="designated" />
        <key key="foot" value="designated" />
		<combo key="segregated" text="Corsia separata" values="yes,no" />
        <combo key="smoothness" text="Smoothness" values="excellent,good,intermediate,bad,very_bad,horrible,impassable" />
        <text key="incline" text="Pendenza(in percentuale)" />
        <text key="incline:across" text="Pendenza trasversale(in percentuale)" />
        <text key="height" text="Altezza (in metri)" />
        <combo key="lit" text="Illuminazione" values="yes,no" />
      </item>
    </group>
	
	<!-- Sottogruppo Attraversamenti - nodo -->
    <group name="Attraversamenti - nodo su intersezione strada" icon="icons/crossing_traffic_signals.svg">
      <item name="Attraversamento con semaforo" type="node" icon="icons/crossing_traffic_signals.svg">
        <label text="Attraversamento con semaforo" />
		<key key="highway" value="crossing" />
		<key key="crossing" value="traffic_signals" />
		<combo key="crossing:markings" text="Segnaletica orizzontale" values="no,zebra" />
		<combo key="traffic_signals:sound" text="Segnalazione acustica al semaforo" values="yes,no" />
      </item>
	  <item name="Attraversamento solo segnatica orizzontale" type="node" icon="icons/crossing_ref_zebra.svg">
        <label text="Attraversamento solo segnatica orizzontale" />
		<key key="highway" value="crossing" />
		<key key="crossing" value="uncontrolled" />
		<key key="crossing:markings" value="zebra" />
      </item>
	  <item name="Attraversamento senza segnaletica" type="node" icon="icons/crossing_unmarked.svg">
        <label text="Attraversamento senza segnaletica" />
		<key key="highway" value="crossing" />
		<key key="crossing" value="unmarked" />
      </item>

    </group>
	
	<!-- Sottogruppo Ostacoli -->
    <group name="Ostacoli" icon="icons/bollard.svg">
      <item name="Albero" type="node" icon="icons/trees.svg">
        <label text="Albero" />
		<key key="natural" value="tree" />
		<key key="obstacle" value="yes" />
		<text key="maxwidth:physical" text="Larghezza max(in metri)" />
		<text key="obstacle:description" text="Descrizione del tipo di ostacolo" />
		<text key="height" text="Altezza dell'ostacolo da terra (in metri)" />
      </item>
	  <item name="Fioriera" type="node" icon="icons/planter.svg">
        <label text="Fioriera" />
		<key key="man_made" value="planter" />
		<key key="obstacle" value="yes" />
		<text key="maxwidth:physical" text="Larghezza max(in metri)" />
		<text key="obstacle:description" text="Descrizione del tipo di ostacolo" />
      </item>
	  <item name="Palo" type="node" icon="icons/pole.png">
        <label text="Palo" />
		<key key="man_made" value="pole" />
		<key key="obstacle" value="yes" />
		<text key="maxwidth:physical" text="Larghezza max(in metri)" />
		<text key="obstacle:description" text="Descrizione del tipo di ostacolo" />
		<text key="height" text="Altezza dell'ostacolo da terra (in metri)" />
      </item>
	  
    </group>  
	
  </group>
</presets>
