<?xml version="1.0" encoding="UTF-8"?>
<presets xmlns="http://josm.openstreetmap.de/tagging-preset-1.0">

  <!-- Gruppo principale PEBA -->
  <group name="PEBA" icon="icons/peba.png">

    <!-- Sottogruppo Percorsi -->
    <group name="Percorsi/marciapiedi" icon="icons/dedicated_footway.svg">
      <item name="Marciapiede pedonale" type="way" icon="icons/dedicated_footway.svg">
        <key key="highway" value="footway" />
		<key key="footway" value="sidewalk" />
        <space />
        <label text="Marciapiede pedonale" />
        <space />
        <combo key="surface" text="Materiale della superficie" values="asphalt,paving_stones,concrete,sett" display_values="Asfalto,Pavimentato,Cemento,Sampietrini" values_sort="false" />
        <combo key="smoothness" text="Stato della superficie" values="excellent,good,intermediate,bad,very_bad" values_sort="false" />
        <text key="width" text="Larghezza (es. 1.2 m)" />
        <text key="incline" text="Pendenza (es. -5%)" />
        <text key="incline:across" text="Pendenza trasversale(es. -5%)" />
        <check key="lit" text="Presenza di illuminazione"/>
        <optional>
          <text key="height" text="Altezza (es. 1.2 m)" />
          <check key="tactile_paving" text="Presenza di pavimentazione tattile"/>
        </optional>
      </item>
	  <item name="Percorso ciclopedonale" type="way" icon="icons/combined_foot_cycleway.svg">
        <key key="highway" value="path" />
		<key key="bicycle" value="designated" />
        <key key="foot" value="designated" />
        <space />
        <label text="Percorso ciclopedonale" />
        <space />
   		<combo key="segregated" text="Tipologia di percorso ciclopedonale" values="yes,no" display_values="Sedi separate,Promiscuo" />
        <combo key="surface" text="Materiale della superficie" values="asphalt,paving_stones,concrete,sett" display_values="Asfalto,Pavimentato,Cemento,Sampietrini" values_sort="false" />
        <combo key="smoothness" text="Stato della superficie" values="excellent,good,intermediate,bad,very_bad" values_sort="false" />
        <text key="width" text="Larghezza (es. 1.2 m)" />
        <text key="incline" text="Pendenza (es. -5%)" />
        <text key="incline:across" text="Pendenza trasversale(es. -5%)" />
        <check key="lit" text="Presenza di illuminazione"/>
        <optional>
          <text key="height" text="Altezza (es. 1.2 m)" />
          <check key="tactile_paving" text="Presenza di pavimentazione tattile"/>
        </optional>
      </item>
    </group>


    <item name="Scalino su intersezioni" type="node" icon="icons/kerb_lowered.svg">
      <key key="barrier" value="kerb" />
      <space />
      <label text="Scalino su intersezioni" />
      <space />
	  <combo key="kerb" text="Tipologia di cordolo" values="flush,lowered,raised" display_values="Nessuno scalino,Cordolo ribassato,Cordolo rialzato" values_sort="false" />
      <text key="kerb:height" text="Altezza del cordolo (es 0.02 m)" />
      <check key="tactile_paving" text="Presenza di pavimentazione tattile"/>
    </item>
	

	<!-- Sottogruppo Attraversamenti - percorsi-->
    <group name="Attraversamenti - percorsi" icon="icons/crossing_ref_zebra.svg">
      <item name="Attraversamento pedonale" type="way" icon="icons/crossing_ref_zebra.svg">
        <key key="highway" value="footway" />
		<key key="footway" value="crossing" />
        <space />
        <label text="Attraversamento pedonale" />
        <space />
        <combo key="crossing" text="Tipo di attraversamento" values="traffic_signals,uncontrolled" default="uncontrolled"/>
        <combo key="crossing:markings" text="Segnaletica orizzontale" values="no,zebra" default="zebra"/>
        <check key="traffic_sign" text="Mancanza segnaletica verticale" value_on="no" />
        <space />
        <combo key="surface" text="Materiale della superficie" values="asphalt,paving_stones,concrete,sett" display_values="Asfalto,Pavimentato,Cemento,Sampietrini" values_sort="false" />
        <combo key="smoothness" text="Stato della superficie" values="excellent,good,intermediate,bad,very_bad" values_sort="false" />
        <check key="traffic_calming" text="Attraversamento pedonale rialzato" value_on="table" />
        <optional>
          <check key="lit" text="Presenza di illuminazione" />
          <text key="incline" text="Pendenza(in percentuale)" />
          <text key="incline:across" text="Pendenza trasversale(in percentuale)" />
        </optional>
      </item>
      <item name="Attraversamento ciclabile" type="way" >
        <key key="highway" value="cycleway" />
		<key key="cycleway" value="crossing" />
        <space />
        <label text="Attraversamento ciclabile" />
        <space />
        <combo key="crossing" text="Tipo di attraversamento" values="traffic_signals,uncontrolled" default="uncontrolled"/>
        <combo key="crossing:markings" text="Segnaletica orizzontale" values="no,zebra" default="zebra"/>
        <check key="traffic_sign" text="Mancanza segnaletica verticale" value_on="no" />
        <space />
        <combo key="surface" text="Materiale della superficie" values="asphalt,paving_stones,concrete,sett" display_values="Asfalto,Pavimentato,Cemento,Sampietrini" values_sort="false" />
        <combo key="smoothness" text="Stato della superficie" values="excellent,good,intermediate,bad,very_bad" values_sort="false" />
        <check key="traffic_calming" text="Attraversamento pedonale rialzato" value_on="table" />
         <optional>
          <check key="lit" text="Presenza di illuminazione" />
          <text key="incline" text="Pendenza(in percentuale)" />
          <text key="incline:across" text="Pendenza trasversale(in percentuale)" />
        </optional>
      </item>
      <item name="Attraversamento ciclopedonale" type="way"  icon="icons/crossing_zebrabicyle.svg">
        <key key="highway" value="path" />
		<key key="path" value="crossing" />
 		<key key="bicycle" value="designated" />
        <key key="foot" value="designated" />
        <space />
        <label text="Attraversamento ciclopedonale" />
        <space />
        <combo key="crossing" text="Tipo di attraversamento" values="traffic_signals,uncontrolled" default="uncontrolled"/>
        <combo key="crossing:markings" text="Segnaletica orizzontale" values="no,zebra" default="zebra"/>
        <check key="traffic_sign" text="Mancanza segnaletica verticale" value_on="no" />
        <check key="segregated" text="Ciclopedonale con corsie separate" />
        <space />
        <combo key="surface" text="Materiale della superficie" values="asphalt,paving_stones,concrete,sett" display_values="Asfalto,Pavimentato,Cemento,Sampietrini" values_sort="false" />
        <combo key="smoothness" text="Stato della superficie" values="excellent,good,intermediate,bad,very_bad" values_sort="false" />
        <check key="traffic_calming" text="Attraversamento pedonale rialzato" value_on="table" />
        <optional>
          <check key="lit" text="Presenza di illuminazione" />
          <text key="incline" text="Pendenza(in percentuale)" />
          <text key="incline:across" text="Pendenza trasversale(in percentuale)" />
        </optional>
      </item>
    </group>



    <item name="Attraversamento - nodo su intersezione strada" type="node" icon="icons/crossing_traffic_signals.svg">
      <label text="Attraversamento - nodo su intersezione strada" />
      <key key="highway" value="crossing" />
      <combo key="crossing" text="Tipo di attraversamento" values="traffic_signals,uncontrolled" default="uncontrolled"/>
      <combo key="crossing:markings" text="Segnaletica orizzontale" values="no,zebra" default="zebra"/>
      <check key="traffic_signals:sound" text="Segnalazione acustica al semaforo"/>
      <check key="traffic_calming" text="Passaggio pedonale rialzato" value_on="table" />
    </item>


	<!-- Sottogruppo Ostacoli -->
    <group name="Ostacoli" icon="presets/barrier/wall.svg">
      <item name="Albero" type="node" icon="icons/trees.svg">
        <space />
        <label text="Albero" />
		<key key="obstacle" value="tree" />
        <space />
        <text key="maxwidth:physical" text="Larghezza massima del passaggio (es. 0.8 m)" />
        <space />
        <label text="Indicare per quale/i tipologia di utenza rappresenta un ostacolo" />
		<combo key="obstacle:wheelchair" text="Ostacolo per persone in carrozzina" values="yes,limited" />
		<combo key="obstacle:blind" text="Ostacolo per persone cieche o ipovedenti" values="yes,limited" />
		<combo key="obstacle:foot" text="Ostacolo per pedoni" values="yes,limited" />
		<combo key="obstacle:bicycle" text="Ostacolo per biciclette" values="yes,limited" />
        <optional>
          <text key="maxheight:physical" text="Altezza dell'ostacolo da terra (es. 1.5 m)" />
          <text key="obstacle:description" text="Descrizione del tipo di ostacolo" />
        </optional>
      </item>
	  <item name="Fioriera" type="node" icon="icons/planter.svg">
        <space />
        <label text="Fioriera" />
		<key key="obstacle" value="planter" />
        <space />
        <text key="maxwidth:physical" text="Larghezza massima del passaggio (es. 0.8 m)" />
        <space />
        <label text="Indicare per quale/i tipologia di utenza rappresenta un ostacolo" />
		<combo key="obstacle:wheelchair" text="Ostacolo per persone in carrozzina" values="yes,limited" />
		<combo key="obstacle:foot" text="Ostacolo per pedoni" values="yes,limited" />
		<combo key="obstacle:bicycle" text="Ostacolo per biciclette" values="yes,limited" />
		<optional>
          <text key="obstacle:description" text="Descrizione del tipo di ostacolo" />
        </optional>
      </item>
	  <item name="Palo" type="node" icon="icons/pole.png">
        <space />
        <label text="Palo" />
		<key key="obstacle" value="pole" />
        <space />
        <text key="maxwidth:physical" text="Larghezza massima del passaggio (es. 0.8 m)" />
        <space />
        <label text="Indicare per quale/i tipologia di utenza rappresenta un ostacolo" />
		<combo key="obstacle:wheelchair" text="Ostacolo per persone in carrozzina" values="yes,limited" />
		<combo key="obstacle:blind" text="Ostacolo per persone cieche o ipovedenti" values="yes,limited" />
		<combo key="obstacle:foot" text="Ostacolo per pedoni" values="yes,limited" />
		<combo key="obstacle:bicycle" text="Ostacolo per biciclette" values="yes,limited" />
        <optional>
          <text key="maxheight:physical" text="Altezza dell'ostacolo da terra (es. 1.5 m)" />
          <text key="obstacle:description" text="Descrizione del tipo di ostacolo" />
        </optional>
      </item>
	  <item name="Caditoia" type="node" icon="icons/drain.png">
        <space />
        <label text="Caditoia" />
		<key key="man_made" value="manhole" />
		<key key="manhole" value="drain" />
        <space />
        <text key="maxwidth:physical" text="Larghezza massima del passaggio (es. 0.8 m)" />
        <space />
        <label text="Indicare per quale/i tipologia di utenza rappresenta un ostacolo" />
		<combo key="obstacle:wheelchair" text="Ostacolo per persone in carrozzina" values="yes,limited" />
		<combo key="obstacle:foot" text="Ostacolo per pedoni" values="yes,limited" />
		<combo key="obstacle:bicycle" text="Ostacolo per biciclette" values="yes,limited" />
		<check key="obstacle" text="Ostacolo in generale" value_on="yes" />
		<optional>
          <text key="obstacle:description" text="Descrizione del tipo di ostacolo" />
        </optional>
      </item>
      <item name="Cassette stradali" type="node" icon="presets/misc/street_cabinet.svg">
        <space />
        <label text="Cassette stradali" />
		<key key="obstacle" value="street_cabinet" />
        <space />
		<combo key="utility" text="Tipologia di cassetta/servizio" values="telecom,power,street_lighting,gas" display_values="Telecomunicazioni,Elettricità,Luce,Gas" values_sort="false" />
        <text key="maxwidth:physical" text="Larghezza massima del passaggio (es. 0.8 m)" />
        <space />
        <label text="Indicare per quale/i tipologia di utenza rappresenta un ostacolo" />
		<combo key="obstacle:wheelchair" text="Ostacolo per persone in carrozzina" values="yes,limited" />
		<combo key="obstacle:foot" text="Ostacolo per pedoni" values="yes,limited" />
		<combo key="obstacle:bicycle" text="Ostacolo per biciclette" values="yes,limited" />
		<optional>
          <text key="obstacle:description" text="Descrizione del tipo di ostacolo" />
        </optional>
      </item>
      <item name="Idrante" type="node" icon="presets/service/fire_hydrant.svg">
        <space />
        <label text="Idrante" />
		<key key="optional" value="fire_hydrant" />
        <space />
        <text key="maxwidth:physical" text="Larghezza massima del passaggio (es. 0.8 m)" />
        <space />
        <combo key="fire_hydrant:type" text="Tipo di idrante" values="pillar,wall" display_values="Colonnina,A muro" values_sort="false" />
        <space />
        <label text="Indicare per quale/i tipologia di utenza rappresenta un ostacolo" />
		<combo key="obstacle:wheelchair" text="Ostacolo per persone in carrozzina" values="yes,limited" />
		<combo key="obstacle:foot" text="Ostacolo per pedoni" values="yes,limited" />
		<combo key="obstacle:bicycle" text="Ostacolo per biciclette" values="yes,limited" />
		<optional>
          <text key="obstacle:description" text="Descrizione del tipo di ostacolo" />
        </optional>
      </item>
      <item name="Archetti per bici" type="node">
        <space />
        <label text="Archetti per bici" />
		<key key="barrier" value="cycle_barrier" />
        <space />
        <combo key="cycle_barrier" text="Tipo di archetti" values="single,double,triple" display_values="Singoli,Doppi,Tripli" values_sort="false" />
        <space />
        <label text="Nel caso di archetti singoli" />
        <text key="maxwidth:physical" text="Larghezza massima del passaggio (es. 0.8 m)" />
        <space />
        <label text="Nel caso di archetti doppi/tripli" />
        <text key="spacing" text="Distanza tra gli archetti (es. 0.8 m)" />
        <text key="opening" text="Larghezza massima del passaggio (es. 0.8 m)" />
        <text key="overlap" text="Sovrapposizione tra gli archetti (es. 0.5 m)" />
        <space />
        <label text="Indicare per quale/i tipologia di utenza rappresenta un ostacolo" />
		<combo key="obstacle:wheelchair" text="Ostacolo per persone in carrozzina" values="yes,limited" />
		<combo key="obstacle:foot" text="Ostacolo per pedoni" values="yes,limited" />
		<combo key="obstacle:bicycle" text="Ostacolo per biciclette" values="yes,limited" />
		<check key="obstacle" text="Ostacolo in generale" value_on="yes" />
        <space />
        <optional>
          <text key="obstacle:description" text="Descrizione del tipo di ostacolo" />
        </optional>
      </item>
    </group>

	
  </group>
</presets>
